,precision,recall,f1-score,support
Advance shipping,0.3962934263205476,0.7368231480369792,0.5153894604241025,8329.0
Late delivery,0.872634723912803,0.39963512897177317,0.5482099409106709,19733.0
Shipping canceled,0.16131756756756757,0.5833842394624312,0.252745798597327,1637.0
Shipping on time,0.29659070835541423,0.26213895394223263,0.27830266865572684,6405.0
accuracy,0.46136162198094394,0.46136162198094394,0.46136162198094394,0.46136162198094394
macro avg,0.43170910653908307,0.495495367603354,0.3986619671469568,36104.0
weighted avg,0.628300722909365,0.46136162198094394,0.47935904733288204,36104.0
