,precision,recall,f1-score,support
Advance shipping,0.3978755124860231,0.7689998799375676,0.5244196995128342,8329.0
Late delivery,0.882031427920747,0.39254041453402927,0.5432930036822725,19733.0
Shipping canceled,0.15929616941762692,0.6249236408063531,0.2538776523141829,1637.0
Shipping on time,0.3075801749271137,0.23060109289617486,0.26358525921299186,6405.0
accuracy,0.46119543540881897,0.46119543540881897,0.46119543540881897,0.46119543540881897
macro avg,0.43669582118787764,0.5042662570435312,0.3962939036805704,36104.0
weighted avg,0.6356594881564647,0.46119543540881897,0.47619526426440867,36104.0
