,precision,recall,f1-score,support
Advance shipping,0.39853431045969356,0.7182134710049226,0.5126183641115729,8329.0
Late delivery,0.8844677137870856,0.38524299396949274,0.5367127929963287,19733.0
Shipping canceled,0.16083213773314203,0.6847892486255345,0.26048565121412803,1637.0
Shipping on time,0.29734129137276183,0.2566744730679157,0.27551533433886377,6405.0
accuracy,0.4528307112785287,0.4528307112785287,0.4528307112785287,0.4528307112785287
macro avg,0.4352938633381707,0.5112300466669664,0.3963330356652234,36104.0
weighted avg,0.6353962676903124,0.4528307112785287,0.4722923395291323,36104.0
