,precision,recall,f1-score,support
Advance shipping,0.3972726685193563,0.7380237723616281,0.5165112175447442,8329.0
Late delivery,0.8907462686567165,0.37804692646835253,0.5308097338835919,19733.0
Shipping canceled,0.16083093807159654,0.7519853390348198,0.2649876224303089,1637.0
Shipping on time,0.3055193394176445,0.2195160031225605,0.25547378940674115,6405.0
accuracy,0.4499224462663417,0.4499224462663417,0.4499224462663417,0.4499224462663417
macro avg,0.4385923036663285,0.5218930102468402,0.39194559081634656,36104.0
weighted avg,0.6399875855886861,0.4499224462663417,0.46661269578782644,36104.0
