sampler_category,trials,mean,median,best,std
smote,124,0.41411567278807304,0.4168083184886579,0.41895751860293495,0.007259690001853232
smote_tomek,148,0.40807565254541633,0.41171610061391334,0.4173533072321078,0.01043614832170214
random_over,72,0.3995346177755835,0.4017807328488619,0.4028945526379686,0.005112722865408216
smote_enn,107,0.39797439424578107,0.39925931765661193,0.40269917767509916,0.004767265300092075
random_under,9,0.38348535997667305,0.3823797160245362,0.392641793706471,0.004363977815422708
class_weights,16,0.3812917694815479,0.3940995423316456,0.41603376759277577,0.03236872710414326
adasyn,2,0.3509455433266905,0.3509455433266905,0.3996558475729091,0.06888677289232216
none,2,0.2950710243903538,0.2950710243903538,0.32956678866916617,0.04878437768752175
